<?xml version='1.0' encoding='UTF-8'?>
<?artifactRepository version='1.1.0'?>
<repository name='file:/C:/Users/mthuraka/AnypointStudio/workspace/tmr-test-connector/target/update-site/ - artifacts' type='org.eclipse.equinox.p2.artifact.repository.simpleRepository' version='1'>
  <properties size='2'>
    <property name='p2.timestamp' value='1496215792436'/>
    <property name='p2.compressed' value='false'/>
  </properties>
  <mappings size='3'>
    <rule filter='(&amp; (classifier=osgi.bundle))' output='${repoUrl}/plugins/${id}_${version}.jar'/>
    <rule filter='(&amp; (classifier=binary))' output='${repoUrl}/binary/${id}_${version}'/>
    <rule filter='(&amp; (classifier=org.eclipse.update.feature))' output='${repoUrl}/features/${id}_${version}.jar'/>
  </mappings>
  <artifacts size='2'>
    <artifact classifier='osgi.bundle' id='org.mule.tooling.ui.contribution.tmr-test.3.5.0' version='1.0.0.201705311259'>
      <properties size='3'>
        <property name='artifact.size' value='330699'/>
        <property name='download.size' value='330699'/>
        <property name='download.md5' value='44ecb9535ad4ce464ff56601c87efdaf'/>
      </properties>
    </artifact>
    <artifact classifier='org.eclipse.update.feature' id='org.mule.tooling.ui.extension.tmr-test-connector.3.5.0' version='1.0.0.201705311259'>
      <properties size='4'>
        <property name='artifact.size' value='648'/>
        <property name='download.size' value='648'/>
        <property name='download.md5' value='73a05ed2e9a9648e7a7f5f897fa3008d'/>
        <property name='download.contentType' value='application/zip'/>
      </properties>
    </artifact>
  </artifacts>
</repository>
